# Copyright (C) 2018  Intel Corporation. All rights reserved.
# Your use of Intel Corporation's design tools, logic functions 
# and other software and tools, and its AMPP partner logic 
# functions, and any output files from any of the foregoing 
# (including device programming or simulation files), and any 
# associated documentation or information are expressly subject 
# to the terms and conditions of the Intel Program License 
# Subscription Agreement, the Intel Quartus Prime License Agreement,
# the Intel FPGA IP License Agreement, or other applicable license
# agreement, including, without limitation, that your use is for
# the sole purpose of programming logic devices manufactured by
# Intel and sold by Intel or its authorized distributors.  Please
# refer to the applicable agreement for further details.

# Quartus Prime Version 18.1.0 Build 625 09/12/2018 SJ Lite Edition
# File: C:\Users\sophia\Desktop\FINAL_EE454\output_files\CNN.csv
# Generated on: Thu Dec 12 23:08:50 2024

# Note: The column header names should not be changed if you wish to import this .csv file into the Quartus Prime software.

To,Direction,Location,I/O Bank,VREF Group,Fitter Location,I/O Standard,Reserved,Current Strength,Slew Rate,Differential Pair,Strict Preservation
clk,Input,PIN_Y2,2,B2_N0,PIN_Y2,2.5 V,,,,,
done,Output,PIN_H15,7,B7_N2,PIN_H15,2.5 V,,,,,
led[9],Output,PIN_G17,7,B7_N1,PIN_G17,2.5 V,,,,,
led[8],Output,PIN_J17,7,B7_N2,PIN_J17,2.5 V,,,,,
led[7],Output,PIN_H19,7,B7_N2,PIN_H19,2.5 V,,,,,
led[6],Output,PIN_J19,7,B7_N2,PIN_J19,2.5 V,,,,,
led[5],Output,PIN_E18,7,B7_N1,PIN_E18,2.5 V,,,,,
led[4],Output,PIN_F18,7,B7_N1,PIN_F18,2.5 V,,,,,
led[3],Output,PIN_F21,7,B7_N0,PIN_F21,2.5 V,,,,,
led[2],Output,PIN_E19,7,B7_N0,PIN_E19,2.5 V,,,,,
led[1],Output,PIN_F19,7,B7_N0,PIN_F19,2.5 V,,,,,
led[0],Output,PIN_G19,7,B7_N2,PIN_G19,2.5 V,,,,,
rst,Input,PIN_AB28,5,B5_N1,PIN_Y1,,,,,,
state[2],Output,PIN_G16,7,B7_N2,PIN_G16,2.5 V,,,,,
state[1],Output,PIN_G15,7,B7_N2,PIN_G15,2.5 V,,,,,
state[0],Output,PIN_F15,7,B7_N2,PIN_F15,2.5 V,,,,,
rst_,Unknown,,,,,,,,,,
